INSERT INTO `users` (`id`, `username`, `password`, `usertype`, `logged`, `first_name`, `last_name`, `calltime_normative`, `show_in_realtime_stats`, `balance`, `frozen_balance`, `lcr_id`, `postpaid`, `blocked`, `tariff_id`, `month_plan_perc`, `month_plan_updated`, `sales_this_month`, `sales_this_month_planned`, `show_billing_info`, `primary_device_id`, `credit`, `clientid`, `agreement_number`, `agreement_date`, `language`, `taxation_country`, `vat_number`, `vat_percent`, `address_id`, `accounting_number`, `owner_id`, `hidden`, `allow_loss_calls`, `vouchers_disabled_till`, `uniquehash`, `temporary_id`, `send_invoice_types`, `call_limit`, `sms_tariff_id`, `sms_lcr_id`, `sms_service_active`, `cyberplat_active`, `call_center_agent`, `generate_invoice`, `tax_1`, `tax_2`, `tax_3`, `tax_4`, `block_at`, `block_at_conditional`, `block_conditional_use`, `recording_enabled`, `recording_forced_enabled`, `recordings_email`, `recording_hdd_quota`, `warning_email_active`, `warning_email_balance`, `warning_email_sent`, `tax_id`, `invoice_zero_calls`, `acc_group_id`, `hide_destination_end`, `warning_email_hour`, `warning_balance_call`, `warning_balance_sound_file_id`, `own_providers`, `ignore_global_monitorings`, `currency_id`, `quickforwards_rule_id`, `spy_device_id`, `time_zone`, `minimal_charge`, `minimal_charge_start_at`, `webphone_allow_use`, `webphone_device_id`, `responsible_accountant_id`, `blacklist_enabled`, `blacklist_lcr`, `routing_threshold`, `pbx_pool_id`, `hide_non_answered_calls`, `balance_min`, `balance_max`, `main_email`, `noc_email`, `billing_email`, `rates_email`, `warning_email_balance_admin`, `warning_email_balance_manager`, `billing_period`, `invoice_grace_period`, `warning_email_sent_admin`, `warning_email_sent_manager`, `comment`, `routing_threshold_2`, `blacklist_lcr_2`, `routing_threshold_3`, `blacklist_lcr_3`, `warning_balance_increases`, `ignore_global_alerts`, `manager_group_id`, `phone`, `enable_static_list`, `static_list_id`, `enable_static_source_list`, `static_source_list_id`, `generate_invoice_manually`, `show_hangupcause`, `max_call_rate`, `password_changed_at`, `show_only_assigned_users`, `billing_dynamic_from`, `billing_dynamic_days`, `billing_run_at`) VALUES
(6, 'user_admin_', '0747bc4a0c44db63c1a6b28f9fe58958826f70a5', 'user', 0, 'Test User', '#2', 3.000000000000000, 0, 0.000000000000000, 0.000000000000000, 0, 1, 0, 0, 0.000000000000000, '0000-00-00 00:00:00', 0, 0, 1, 8, 0.000000000000000, '', '0000000004', '2018-10-27', '', 1, '', 0.000000000000000, 5, '', 0, 0, 0, '2000-01-01 00:00:00', 'r7xnde1byh', NULL, 1, 0, NULL, NULL, 0, 0, 0, 1, 0.000000000000000, 0.000000000000000, 0.000000000000000, 0.000000000000000, '2018-01-01', 15, 0, NULL, NULL, NULL, NULL, 0, 0.000000000000000, 0, 2, 0, 0, -1, -1, 0, 0, 0, 0, 1, 0, 0, 'UTC', 0, NULL, 0, 0, -1, 'global', -1, 0, 0, 0, 0.000000000000000, 0.000000000000000, '', '', '', '', 0.000000000000000, 0.000000000000000, 'monthly', 15, 0, 0, '', -1, -1, -1, -1, 0, 0, 0, '', 'no', NULL, 'no', NULL, 0, 0, 0.000000000000000, NULL, 0, '2008-01-01 00:00:00', 0, '2008-01-01 00:00:00');

DELETE FROM `devices`;
INSERT INTO `devices` (`id`, `name`, `host`, `secret`, `context`, `ipaddr`, `port`, `regseconds`, `accountcode`, `callerid`, `extension`, `voicemail_active`, `username`, `device_type`, `user_id`, `primary_did_id`, `works_not_logged`, `forward_to`, `record`, `transfer`, `disallow`, `allow`, `deny`, `permit`, `nat`, `qualify`, `fullcontact`, `canreinvite`, `devicegroup_id`, `dtmfmode`, `callgroup`, `pickupgroup`, `fromuser`, `fromdomain`, `trustrpid`, `sendrpid`, `insecure`, `progressinband`, `videosupport`, `location_id`, `description`, `istrunk`, `cid_from_dids`, `pin`, `tell_balance`, `tell_time`, `tell_rtime_when_left`, `repeat_rtime_every`, `t38pt_udptl`, `regserver`, `ani`, `promiscredir`, `timeout`, `process_sipchaninfo`, `temporary_id`, `allow_duplicate_calls`, `call_limit`, `lastms`, `faststart`, `h245tunneling`, `latency`, `grace_time`, `recording_to_email`, `recording_keep`, `recording_email`, `record_forced`, `fake_ring`, `save_call_log`, `mailbox`, `server_id`, `enable_mwi`, `authuser`, `requirecalltoken`, `language`, `use_ani_for_cli`, `calleridpres`, `change_failed_code_to`, `reg_status`, `max_timeout`, `forward_did_id`, `anti_resale_auto_answer`, `qf_tell_balance`, `qf_tell_time`, `time_limit_per_day`, `control_callerid_by_cids`, `callerid_advanced_control`, `transport`, `subscribemwi`, `encryption`, `block_callerid`, `tell_rate`, `trunk`, `proxy_port`, `cps_call_limit`, `cps_period`, `timerb`, `callerid_number_pool_id`, `op`, `op_active`, `op_tech_prefix`, `op_routing_algorithm`, `op_routing_group_id`, `op_tariff_id`, `op_capacity`, `op_src_regexp`, `op_src_deny_regexp`, `tp`, `tp_active`, `tp_tech_prefix`, `tp_tariff_id`, `tp_capacity`, `tp_src_regexp`, `tp_src_deny_regexp`, `custom_sip_header`, `register`, `interpret_busy_as_failed`, `interpret_noanswer_as_failed`, `sticky_contact`, `periodic_check`, `alive`, `op_custom_tariff_id`, `ipaddr_range_start`, `ipaddr_range_end`, `op_destination_transformation`, `quality_routing_id`, `op_source_transformation`, `tp_source_transformation`, `disable_q850`, `forward_rpid`, `forward_pai`, `bypass_media`, `disable_sip_uri_encoding`, `use_invite_dst`, `inherit_codec`, `enforce_lega_codecs`, `use_pai_if_cid_anonymous`, `ring_instead_progress`, `set_sip_contact`, `hidden_device`, `change_rpidpai_host`, `progress_timeout`, `defaultuser`, `useragent`, `type`, `md5secret`, `remotesecret`, `directmedia`, `useclientcode`, `setvar`, `amaflags`, `callcounter`, `busylevel`, `allowoverlap`, `allowsubscribe`, `maxcallbitrate`, `rfc2833compensate`, `session-timers`, `session-expires`, `session-minse`, `session-refresher`, `t38pt_usertpsource`, `regexten`, `defaultip`, `rtptimeout`, `rtpholdtimeout`, `outboundproxy`, `callbackextension`, `timert1`, `qualifyfreq`, `constantssrc`, `contactpermit`, `contactdeny`, `usereqphone`, `textsupport`, `faxdetect`, `buggymwi`, `auth`, `fullname`, `trunkname`, `cid_number`, `callingpres`, `mohinterpret`, `mohsuggest`, `parkinglot`, `hasvoicemail`, `vmexten`, `autoframing`, `rtpkeepalive`, `call-limit`, `g726nonstandard`, `ignoresdpversion`, `allowtransfer`, `dynamic`) VALUES
(1, 'prov1', '22.33.44.55', 'unwuqmkw', 'mor', '22.33.44.55', 4569, 0, 1, '', 'prov_test', 0, 'test', 'SIP', -1, 0, 1, 0, 0, 'no', 'all', 'alaw;ulaw;g729;gsm', '0.0.0.0/0.0.0.0', '0.0.0.0/0.0.0.0', 'no', 'no', '', 'no', NULL, 'rfc2833', NULL, NULL, NULL, NULL, 'no', 'no', 'no', 'never', 'no', 1, '', 0, 0, NULL, 0, 0, 60, 60, 'no', NULL, 0, 'no', 60, 0, NULL, 0, 0, 0, 'yes', 'yes', 0.000000000000000, 0, 0, 0, NULL, 0, 0, 0, '', 1, 0, '', 'no', NULL, 0, NULL, 0, NULL, 0, 0, 0, 0, 0, 0, NULL, 0, 'udp', NULL, 'no', 0, 0, 'no', 0, 0, 0, 6400, 0, 0, 0, '', 'lcr', 0, 0, 0, '.*', '', 1, 0, '', 1, 0, '', '', NULL, 0, 0, 0, 0, 0, 0, NULL, 0, 0, '', 0, '', '', 0, 1, 1, 0, 1, 0, 0, 0, 0, 0, 0, 0, 0, 0, 'test', NULL, 'friend', NULL, NULL, NULL, NULL, NULL, NULL, NULL, NULL, NULL, NULL, NULL, NULL, NULL, NULL, NULL, NULL, NULL, NULL, NULL, NULL, NULL, NULL, NULL, NULL, NULL, NULL, NULL, NULL, NULL, NULL, NULL, NULL, NULL, NULL, NULL, NULL, NULL, NULL, NULL, NULL, NULL, NULL, NULL, NULL, NULL, NULL, NULL, NULL, NULL),
(2, 'ipauthMfVNaPy8', '192.168.0.2', '', 'm2', '192.168.0.2', 5060, 1175892667, 2, '"101" <101>', '101', 0, '', 'SIP', 2, 0, 1, 0, 0, 'no', 'all', 'all', '0.0.0.0/0.0.0.0', '0.0.0.0/0.0.0.0', 'yes', 'no', '', 'no', NULL, 'rfc2833', NULL, NULL, NULL, NULL, 'no', 'no', 'no', 'never', 'no', 1, 'Connection Point OP #2', 0, 0, '', 0, 0, 0, 0, 'no', NULL, 0, 'no', 60, 0, NULL, 0, 0, 0, 'yes', 'yes', 0.000000000000000, 0, 0, 0, NULL, 0, 0, 0, '', 1, 0, '', 'no', 'en', 0, NULL, 0, NULL, 0, 0, 0, 0, 0, 0, 0, 0, 'udp', 'no', 'no', 0, 0, 'no', 5060, 0, 0, 6400, 0, 1, 1, '', 'lcr', 12001, 2, 0, '.*', '', 0, 0, '', 0, 500, '', '', '', 0, 0, 0, 0, 0, 0, -1, 0, 0, '', 0, '', '', 0, 1, 1, 0, 1, 0, 0, 0, 0, 0, 0, 0, 0, 0, '', NULL, 'friend', NULL, NULL, NULL, NULL, NULL, NULL, NULL, NULL, NULL, NULL, NULL, NULL, NULL, NULL, NULL, NULL, NULL, NULL, NULL, NULL, NULL, NULL, NULL, NULL, NULL, NULL, NULL, NULL, NULL, NULL, NULL, NULL, NULL, NULL, NULL, NULL, NULL, NULL, NULL, NULL, NULL, NULL, NULL, NULL, NULL, NULL, NULL, NULL, NULL),
(3, 'ipauthrpnrgDsp', '192.168.0.3', '', 'mor_local', '192.168.0.3', 5060, 1175892667, 3, '"102" <102>', '102', 0, '', 'SIP', 2, 0, 1, 0, 0, 'no', 'all', 'all', '0.0.0.0/0.0.0.0', '0.0.0.0/0.0.0.0', 'yes', 'no', '', 'no', NULL, 'rfc2833', NULL, NULL, NULL, NULL, 'no', 'no', 'no', 'never', 'no', 1, 'Connection Point TP #3', 0, 0, '', 0, 0, 0, 0, 'no', NULL, 0, 'no', 60, 0, NULL, 0, 0, 0, 'yes', 'yes', 0.000000000000000, 0, 0, 0, NULL, 0, 0, 0, '', 1, 0, '', 'no', 'en', 0, NULL, 0, NULL, 0, 0, 0, 0, 0, 0, 0, 0, 'udp', 'no', 'no', 0, 0, 'no', 5060, 0, 0, 6400, 0, 0, 0, '', '', 0, 0, 500, '.*', '', 1, 1, '', 1, 0, '', '', '', 0, 0, 0, 0, 0, 0, NULL, 0, 0, NULL, 0, '', '', 0, 1, 1, 0, 1, 0, 0, 0, 0, 0, 0, 0, 0, 0, '', NULL, 'friend', NULL, NULL, NULL, NULL, NULL, NULL, NULL, NULL, NULL, NULL, NULL, NULL, NULL, NULL, NULL, NULL, NULL, NULL, NULL, NULL, NULL, NULL, NULL, NULL, NULL, NULL, NULL, NULL, NULL, NULL, NULL, NULL, NULL, NULL, NULL, NULL, NULL, NULL, NULL, NULL, NULL, NULL, NULL, NULL, NULL, NULL, NULL, NULL, NULL),
(4, 'ipauthbJ5CuFsM', '192.168.0.4', '', 'm2', '192.168.0.4', 5060, 0, 4, '', '1002', 0, '', 'SIP', 2, 0, 1, 0, 0, 'no', 'all', 'alaw;g729', '0.0.0.0/0.0.0.0', '0.0.0.0/0.0.0.0', 'yes', 'no', NULL, 'no', NULL, 'rfc2833', NULL, NULL, '', '', 'no', 'no', 'no', 'no', 'no', 1, 'Connection Point OP+TP #4', 0, 0, '', 0, 0, 0, 0, 'no', NULL, 0, 'no', 60, 0, NULL, 0, 0, 0, 'yes', 'yes', 0.000000000000000, 0, 0, 0, NULL, 0, 0, 0, '', 1, 0, '', 'no', 'en', 0, NULL, 0, NULL, 0, 0, 0, 0, 0, 0, 0, 0, 'udp', 'no', 'no', 0, 0, 'no', 5060, 0, 0, 6400, 0, 1, 1, '', 'lcr', 12001, 2, 0, '.*', '', 1, 1, '', 1, 0, '', '', '', 0, 0, 0, 0, 0, 0, -1, 0, 0, '', 0, '', '', 0, 1, 1, 0, 1, 0, 0, 0, 0, 0, 0, 0, 0, 0, '', NULL, 'friend', NULL, NULL, NULL, NULL, NULL, NULL, NULL, NULL, NULL, NULL, NULL, NULL, NULL, NULL, NULL, NULL, NULL, NULL, NULL, NULL, NULL, NULL, NULL, NULL, NULL, NULL, NULL, NULL, NULL, NULL, NULL, NULL, NULL, NULL, NULL, NULL, NULL, NULL, NULL, NULL, NULL, NULL, NULL, NULL, NULL, NULL, NULL, NULL, NULL),
(5, 'ipauthjQfQ7LyX', '192.168.0.5', '', 'mor_local', '192.168.0.5', 5060, 1175892667, 5, '"103" <103>', '103', 0, '', 'SIP', 2, 0, 1, 0, 0, 'no', 'all', 'all', '0.0.0.0/0.0.0.0', '0.0.0.0/0.0.0.0', 'yes', 'no', '', 'no', NULL, 'rfc2833', NULL, NULL, NULL, NULL, 'no', 'no', 'no', 'never', 'no', 1, 'Connection Point #5', 0, 0, '', 0, 0, 0, 0, 'no', NULL, 0, 'no', 60, 0, NULL, 0, 0, 0, 'yes', 'yes', 0.000000000000000, 0, 0, 0, NULL, 0, 0, 0, '', 1, 0, '', 'no', 'en', 0, NULL, 0, NULL, 0, 0, 0, 0, 0, 0, 0, 0, 'udp', 'no', 'no', 0, 0, 'no', 5060, 0, 0, 6400, 0, 0, 0, '', '', 0, 0, 500, '.*', '', 0, 0, '', 0, 500, '', '', '', 0, 0, 0, 0, 0, 0, NULL, 0, 0, NULL, 0, '', '', 0, 1, 1, 0, 1, 0, 0, 0, 0, 0, 0, 0, 0, 0, '', NULL, 'friend', NULL, NULL, NULL, NULL, NULL, NULL, NULL, NULL, NULL, NULL, NULL, NULL, NULL, NULL, NULL, NULL, NULL, NULL, NULL, NULL, NULL, NULL, NULL, NULL, NULL, NULL, NULL, NULL, NULL, NULL, NULL, NULL, NULL, NULL, NULL, NULL, NULL, NULL, NULL, NULL, NULL, NULL, NULL, NULL, NULL, NULL, NULL, NULL, NULL),
(6, '104', '127.0.1.4', '', 'mor_local', '127.0.1.4', 5060, 1175892667, 2, '"104" <104>', '104', 0, '', 'SIP', 5, 0, 1, 0, 0, 'no', 'all', 'all', '0.0.0.0/0.0.0.0', '0.0.0.0/0.0.0.0', 'yes', '500', '', 'no', NULL, 'rfc2833', NULL, NULL, NULL, NULL, 'no', 'no', 'no', 'never', 'no', 1, 'Test Device for Reseller', 0, 0, NULL, 0, 0, 60, 60, 'no', NULL, 0, 'no', 60, 0, NULL, 0, 0, 0, 'yes', 'yes', 0.000000000000000, 0, 0, 0, NULL, 0, 0, 0, '', 1, 0, '', 'no', NULL, 0, NULL, 0, NULL, 0, 0, 0, 0, 0, 0, NULL, 0, 'udp', NULL, 'no', 0, 0, 'no', 0, 0, 0, 6400, 0, 1, 0, '', 'lcr', 12001, 2, 0, '.*', '', 0, 0, '', 0, 0, '', '', NULL, 0, 0, 0, 0, 0, 0, NULL, 0, 0, '', 0, '', '', 0, 1, 1, 0, 1, 0, 0, 0, 0, 0, 0, 0, 0, 0, '', NULL, 'friend', NULL, NULL, NULL, NULL, NULL, NULL, NULL, NULL, NULL, NULL, NULL, NULL, NULL, NULL, NULL, NULL, NULL, NULL, NULL, NULL, NULL, NULL, NULL, NULL, NULL, NULL, NULL, NULL, NULL, NULL, NULL, NULL, NULL, NULL, NULL, NULL, NULL, NULL, NULL, NULL, NULL, NULL, NULL, NULL, NULL, NULL, NULL, NULL, NULL),
(7, '105', '127.0.1.5', '', 'mor_local', '127.0.1.5', 5060, 1175892667, 2, '"105" <105>', '105', 0, '', 'SIP', 5, 0, 1, 0, 0, 'no', 'all', 'all', '0.0.0.0/0.0.0.0', '0.0.0.0/0.0.0.0', 'yes', '500', '', 'no', NULL, 'rfc2833', NULL, NULL, NULL, NULL, 'no', 'no', 'no', 'never', 'no', 1, 'Test Device for Resellers User', 0, 0, NULL, 0, 0, 60, 60, 'no', NULL, 0, 'no', 60, 0, NULL, 0, 0, 0, 'yes', 'yes', 0.000000000000000, 0, 0, 0, NULL, 0, 0, 0, '', 1, 0, '', 'no', NULL, 0, NULL, 0, NULL, 0, 0, 0, 0, 0, 0, NULL, 0, 'udp', NULL, 'no', 0, 0, 'no', 0, 0, 0, 6400, 0, 1, 0, '', 'lcr', 12001, 2, 0, '.*', '', 0, 0, '', 0, 0, '', '', NULL, 0, 0, 0, 0, 0, 0, NULL, 0, 0, '', 0, '', '', 0, 1, 1, 0, 1, 0, 0, 0, 0, 0, 0, 0, 0, 0, '', NULL, 'friend', NULL, NULL, NULL, NULL, NULL, NULL, NULL, NULL, NULL, NULL, NULL, NULL, NULL, NULL, NULL, NULL, NULL, NULL, NULL, NULL, NULL, NULL, NULL, NULL, NULL, NULL, NULL, NULL, NULL, NULL, NULL, NULL, NULL, NULL, NULL, NULL, NULL, NULL, NULL, NULL, NULL, NULL, NULL, NULL, NULL, NULL, NULL, NULL, NULL),
(8, 'ipauthRhzdSATM', '192.168.0.8', '', 'm2', '192.168.0.8', 5060, 0, 8, '', '', 0, '', 'SIP', 6, 0, 1, 0, 0, 'no', 'all', 'alaw;g729', '0.0.0.0/0.0.0.0', '0.0.0.0/0.0.0.0', 'yes', 'no', NULL, 'no', NULL, 'rfc2833', NULL, NULL, '', '', 'no', 'no', 'no', 'no', 'no', 1, 'Connection Point OP #8', 0, 0, '', 0, 0, 0, 0, 'no', NULL, 0, 'no', 60, 0, NULL, 0, 0, 0, 'yes', 'yes', 0.000000000000000, 0, 0, 0, NULL, 0, 0, 0, '', 1, 0, '', 'no', 'en', 0, NULL, 0, NULL, 0, 0, 0, 0, 0, 0, 0, 0, 'udp', 'no', '', 0, 0, 'no', 5060, 0, 0, 6400, 0, 1, 0, '', 'lcr', 12001, 2, 0, '.*', '', 0, 0, '', 0, 500, '', '', '', 0, 0, 0, 0, 0, 0, -1, 0, 0, '', 0, '', '', 0, 1, 1, 0, 1, 0, 0, 0, 0, 0, 0, 0, 0, 0, NULL, NULL, 'friend', NULL, NULL, NULL, NULL, NULL, NULL, NULL, NULL, NULL, NULL, NULL, NULL, NULL, NULL, NULL, NULL, NULL, NULL, NULL, NULL, NULL, NULL, NULL, NULL, NULL, NULL, NULL, NULL, NULL, NULL, NULL, NULL, NULL, NULL, NULL, NULL, NULL, NULL, NULL, NULL, NULL, NULL, NULL, NULL, NULL, NULL, NULL, NULL, NULL),
(9, 'ipauthKGvL54CX', '192.168.0.9', '', 'mor_local', '192.168.0.9', 5060, 0, 9, '', '', 0, '', 'SIP', 6, 0, 1, 0, 0, 'no', 'all', 'alaw;g729', '0.0.0.0/0.0.0.0', '0.0.0.0/0.0.0.0', 'yes', 'no', NULL, 'no', NULL, 'rfc2833', NULL, NULL, '', '', 'no', 'no', 'no', 'no', 'no', 1, 'Connection Point TP #9', 0, 0, '', 0, 0, 0, 0, 'no', NULL, 0, 'no', 60, 0, NULL, 0, 0, 0, 'yes', 'yes', 0.000000000000000, 0, 0, 0, NULL, 0, 0, 0, '', 1, 0, '', 'no', 'en', 0, NULL, 0, NULL, 0, 0, 0, 0, 0, 0, 0, 0, 'udp', 'no', '', 0, 0, 'no', 5060, 0, 0, 6400, 0, 0, 0, '', '', 0, 0, 500, '.*', '', 1, 0, '', 1, 0, '', '', '', 0, 0, 0, 0, 0, 0, NULL, 0, 0, NULL, 0, '', '', 0, 1, 1, 0, 1, 0, 0, 0, 0, 0, 0, 0, 0, 0, NULL, NULL, 'friend', NULL, NULL, NULL, NULL, NULL, NULL, NULL, NULL, NULL, NULL, NULL, NULL, NULL, NULL, NULL, NULL, NULL, NULL, NULL, NULL, NULL, NULL, NULL, NULL, NULL, NULL, NULL, NULL, NULL, NULL, NULL, NULL, NULL, NULL, NULL, NULL, NULL, NULL, NULL, NULL, NULL, NULL, NULL, NULL, NULL, NULL, NULL, NULL, NULL),
(10, 'ipauth8FuEg9Mn', '192.168.0.10', '', 'm2', '192.168.0.10', 5060, 0, 10, '', '', 0, '', 'SIP', 6, 0, 1, 0, 0, 'no', 'all', 'alaw;g729', '0.0.0.0/0.0.0.0', '0.0.0.0/0.0.0.0', 'yes', 'no', NULL, 'no', NULL, 'rfc2833', NULL, NULL, '', '', 'no', 'no', 'no', 'no', 'no', 1, 'Connection Point OP+TP #10', 0, 0, '', 0, 0, 0, 0, 'no', NULL, 0, 'no', 60, 0, NULL, 0, 0, 0, 'yes', 'yes', 0.000000000000000, 0, 0, 0, NULL, 0, 0, 0, '', 1, 0, '', 'no', 'en', 0, NULL, 0, NULL, 0, 0, 0, 0, 0, 0, 0, 0, 'udp', 'no', '', 0, 0, 'no', 5060, 0, 0, 6400, 0, 1, 0, '', 'lcr', 12001, 2, 0, '.*', '', 1, 0, '', 1, 0, '', '', '', 0, 0, 0, 0, 0, 0, -1, 0, 0, '', 0, '', '', 0, 1, 1, 0, 1, 0, 0, 0, 0, 0, 0, 0, 0, 0, NULL, NULL, 'friend', NULL, NULL, NULL, NULL, NULL, NULL, NULL, NULL, NULL, NULL, NULL, NULL, NULL, NULL, NULL, NULL, NULL, NULL, NULL, NULL, NULL, NULL, NULL, NULL, NULL, NULL, NULL, NULL, NULL, NULL, NULL, NULL, NULL, NULL, NULL, NULL, NULL, NULL, NULL, NULL, NULL, NULL, NULL, NULL, NULL, NULL, NULL, NULL, NULL),
(11, 'ipauthUbbeYz7w', '192.168.0.11', '', 'mor_local', '192.168.0.11', 5060, 0, 11, '', '', 0, '', 'SIP', 6, 0, 1, 0, 0, 'no', 'all', 'alaw;g729', '0.0.0.0/0.0.0.0', '0.0.0.0/0.0.0.0', 'yes', 'no', NULL, 'no', NULL, 'rfc2833', NULL, NULL, '', '', 'no', 'no', 'no', 'no', 'no', 1, 'Connection Point #11', 0, 0, '', 0, 0, 0, 0, 'no', NULL, 0, 'no', 60, 0, NULL, 0, 0, 0, 'yes', 'yes', 0.000000000000000, 0, 0, 0, NULL, 0, 0, 0, '', 1, 0, '', 'no', 'en', 0, NULL, 0, NULL, 0, 0, 0, 0, 0, 0, 0, 0, 'udp', 'no', '', 0, 0, 'no', 5060, 0, 0, 6400, 0, 0, 0, '', '', 0, 0, 500, '.*', '', 0, 0, '', 0, 500, '', '', '', 0, 0, 0, 0, 0, 0, NULL, 0, 0, NULL, 0, '', '', 0, 1, 1, 0, 1, 0, 0, 0, 0, 0, 0, 0, 0, 0, NULL, NULL, 'friend', NULL, NULL, NULL, NULL, NULL, NULL, NULL, NULL, NULL, NULL, NULL, NULL, NULL, NULL, NULL, NULL, NULL, NULL, NULL, NULL, NULL, NULL, NULL, NULL, NULL, NULL, NULL, NULL, NULL, NULL, NULL, NULL, NULL, NULL, NULL, NULL, NULL, NULL, NULL, NULL, NULL, NULL, NULL, NULL, NULL, NULL, NULL, NULL, NULL),
(12, 'mor_server_1', '127.0.0.1', '', 'mor_direct', '127.0.0.1', 5060, 0, 12, '', 'mor_server_1', 0, 'mor_server_1', 'SIP', 0, 0, 1, 0, 0, 'no', 'all', 'alaw;g729', '0.0.0.0/0.0.0.0', '0.0.0.0/0.0.0.0', 'no', 'no', NULL, 'no', NULL, 'rfc2833', NULL, NULL, 'mor_server_1', NULL, 'no', 'no', 'no', 'never', 'no', 1, 'DO NOT EDIT', 0, 0, NULL, 0, 0, 60, 60, 'no', NULL, 0, 'no', 60, 0, NULL, 0, 0, 0, 'yes', 'yes', 0.000000000000000, 0, 0, 0, NULL, 0, 0, 0, '', 1, 0, '', 'no', 'en', 0, NULL, 0, NULL, 0, 0, 0, 0, 0, 0, NULL, 0, 'udp', 'no', 'no', 0, 0, 'no', 5060, 0, 0, 6400, 0, 0, 0, '', 'lcr', 0, 0, 0, '.*', '', 0, 0, '', 0, 0, '', '', NULL, 0, 0, 0, 0, 0, 0, NULL, 0, 0, '', 0, '', '', 0, 1, 1, 0, 1, 0, 0, 0, 0, 0, 0, 0, 0, 0, 'mor_server_1', NULL, 'friend', NULL, NULL, NULL, NULL, NULL, NULL, NULL, NULL, NULL, NULL, NULL, NULL, NULL, NULL, NULL, NULL, NULL, NULL, NULL, NULL, NULL, NULL, NULL, NULL, NULL, NULL, NULL, NULL, NULL, NULL, NULL, NULL, NULL, NULL, NULL, NULL, NULL, NULL, NULL, NULL, NULL, NULL, NULL, NULL, NULL, NULL, NULL, NULL, NULL),
(13, 'mor_server_2', '127.0.0.2', '', 'mor_direct', '127.0.0.2', 5060, 0, 13, '', 'mor_server_2', 0, 'mor_server_2', 'SIP', 0, 0, 1, 0, 0, 'no', 'all', 'alaw;g729', '0.0.0.0/0.0.0.0', '0.0.0.0/0.0.0.0', 'no', 'no', NULL, 'no', NULL, 'rfc2833', NULL, NULL, 'mor_server_2', NULL, 'no', 'no', 'no', 'never', 'no', 1, 'DO NOT EDIT', 0, 0, NULL, 0, 0, 60, 60, 'no', NULL, 0, 'no', 60, 0, NULL, 0, 0, 0, 'yes', 'yes', 0.000000000000000, 0, 0, 0, NULL, 0, 0, 0, '', 2, 0, '', 'no', 'en', 0, NULL, 0, NULL, 0, 0, 0, 0, 0, 0, NULL, 0, 'udp', 'no', 'no', 0, 0, 'no', 5060, 0, 0, 6400, 0, 0, 0, '', 'lcr', 0, 0, 0, '.*', '', 0, 0, '', 0, 0, '', '', NULL, 0, 0, 0, 0, 0, 0, NULL, 0, 0, '', 0, '', '', 0, 1, 1, 0, 1, 0, 0, 0, 0, 0, 0, 0, 0, 0, 'mor_server_2', NULL, 'friend', NULL, NULL, NULL, NULL, NULL, NULL, NULL, NULL, NULL, NULL, NULL, NULL, NULL, NULL, NULL, NULL, NULL, NULL, NULL, NULL, NULL, NULL, NULL, NULL, NULL, NULL, NULL, NULL, NULL, NULL, NULL, NULL, NULL, NULL, NULL, NULL, NULL, NULL, NULL, NULL, NULL, NULL, NULL, NULL, NULL, NULL, NULL, NULL, NULL),
(14, 'mor_server_3', '127.0.0.3', '', 'mor_direct', '127.0.0.3', 5060, 0, 14, '', 'mor_server_3', 0, 'mor_server_3', 'SIP', 0, 0, 1, 0, 0, 'no', 'all', 'alaw;g729', '0.0.0.0/0.0.0.0', '0.0.0.0/0.0.0.0', 'no', 'no', NULL, 'no', NULL, 'rfc2833', NULL, NULL, 'mor_server_3', NULL, 'no', 'no', 'no', 'never', 'no', 1, 'DO NOT EDIT', 0, 0, NULL, 0, 0, 60, 60, 'no', NULL, 0, 'no', 60, 0, NULL, 0, 0, 0, 'yes', 'yes', 0.000000000000000, 0, 0, 0, NULL, 0, 0, 0, '', 3, 0, '', 'no', 'en', 0, NULL, 0, NULL, 0, 0, 0, 0, 0, 0, NULL, 0, 'udp', 'no', 'no', 0, 0, 'no', 5060, 0, 0, 6400, 0, 0, 0, '', 'lcr', 0, 0, 0, '.*', '', 0, 0, '', 0, 0, '', '', NULL, 0, 0, 0, 0, 0, 0, NULL, 0, 0, '', 0, '', '', 0, 1, 1, 0, 1, 0, 0, 0, 0, 0, 0, 0, 0, 0, 'mor_server_3', NULL, 'friend', NULL, NULL, NULL, NULL, NULL, NULL, NULL, NULL, NULL, NULL, NULL, NULL, NULL, NULL, NULL, NULL, NULL, NULL, NULL, NULL, NULL, NULL, NULL, NULL, NULL, NULL, NULL, NULL, NULL, NULL, NULL, NULL, NULL, NULL, NULL, NULL, NULL, NULL, NULL, NULL, NULL, NULL, NULL, NULL, NULL, NULL, NULL, NULL, NULL),
(15, 'mor_server_4', '127.0.0.4', '', 'mor_direct', '127.0.0.4', 5060, 0, 15, '', 'mor_server_4', 0, 'mor_server_4', 'SIP', 0, 0, 1, 0, 0, 'no', 'all', 'alaw;g729', '0.0.0.0/0.0.0.0', '0.0.0.0/0.0.0.0', 'no', 'no', NULL, 'no', NULL, 'rfc2833', NULL, NULL, 'mor_server_4', NULL, 'no', 'no', 'no', 'never', 'no', 1, 'DO NOT EDIT', 0, 0, NULL, 0, 0, 60, 60, 'no', NULL, 0, 'no', 60, 0, NULL, 0, 0, 0, 'yes', 'yes', 0.000000000000000, 0, 0, 0, NULL, 0, 0, 0, '', 4, 0, '', 'no', 'en', 0, NULL, 0, NULL, 0, 0, 0, 0, 0, 0, NULL, 0, 'udp', 'no', 'no', 0, 0, 'no', 5060, 0, 0, 6400, 0, 0, 0, '', 'lcr', 0, 0, 0, '.*', '', 0, 0, '', 0, 0, '', '', NULL, 0, 0, 0, 0, 0, 0, NULL, 0, 0, '', 0, '', '', 0, 1, 1, 0, 1, 0, 0, 0, 0, 0, 0, 0, 0, 0, 'mor_server_4', NULL, 'friend', NULL, NULL, NULL, NULL, NULL, NULL, NULL, NULL, NULL, NULL, NULL, NULL, NULL, NULL, NULL, NULL, NULL, NULL, NULL, NULL, NULL, NULL, NULL, NULL, NULL, NULL, NULL, NULL, NULL, NULL, NULL, NULL, NULL, NULL, NULL, NULL, NULL, NULL, NULL, NULL, NULL, NULL, NULL, NULL, NULL, NULL, NULL, NULL, NULL),
(16, 'mor_server_5', '127.0.0.5', '', 'mor_direct', '127.0.0.5', 5060, 0, 16, '', 'mor_server_5', 0, 'mor_server_5', 'SIP', 0, 0, 1, 0, 0, 'no', 'all', 'alaw;g729', '0.0.0.0/0.0.0.0', '0.0.0.0/0.0.0.0', 'no', 'no', NULL, 'no', NULL, 'rfc2833', NULL, NULL, 'mor_server_5', NULL, 'no', 'no', 'no', 'never', 'no', 1, 'DO NOT EDIT', 0, 0, NULL, 0, 0, 60, 60, 'no', NULL, 0, 'no', 60, 0, NULL, 0, 0, 0, 'yes', 'yes', 0.000000000000000, 0, 0, 0, NULL, 0, 0, 0, '', 5, 0, '', 'no', 'en', 0, NULL, 0, NULL, 0, 0, 0, 0, 0, 0, NULL, 0, 'udp', 'no', 'no', 0, 0, 'no', 5060, 0, 0, 6400, 0, 0, 0, '', 'lcr', 0, 0, 0, '.*', '', 0, 0, '', 0, 0, '', '', NULL, 0, 0, 0, 0, 0, 0, NULL, 0, 0, '', 0, '', '', 0, 1, 1, 0, 1, 0, 0, 0, 0, 0, 0, 0, 0, 0, 'mor_server_5', NULL, 'friend', NULL, NULL, NULL, NULL, NULL, NULL, NULL, NULL, NULL, NULL, NULL, NULL, NULL, NULL, NULL, NULL, NULL, NULL, NULL, NULL, NULL, NULL, NULL, NULL, NULL, NULL, NULL, NULL, NULL, NULL, NULL, NULL, NULL, NULL, NULL, NULL, NULL, NULL, NULL, NULL, NULL, NULL, NULL, NULL, NULL, NULL, NULL, NULL, NULL),
(17, 'mor_server_6', '127.0.0.6', '', 'mor_direct', '127.0.0.6', 5060, 0, 17, '', 'mor_server_6', 0, 'mor_server_6', 'SIP', 0, 0, 1, 0, 0, 'no', 'all', 'alaw;g729', '0.0.0.0/0.0.0.0', '0.0.0.0/0.0.0.0', 'no', 'no', NULL, 'no', NULL, 'rfc2833', NULL, NULL, 'mor_server_6', NULL, 'no', 'no', 'no', 'never', 'no', 1, 'DO NOT EDIT', 0, 0, NULL, 0, 0, 60, 60, 'no', NULL, 0, 'no', 60, 0, NULL, 0, 0, 0, 'yes', 'yes', 0.000000000000000, 0, 0, 0, NULL, 0, 0, 0, '', 6, 0, '', 'no', 'en', 0, NULL, 0, NULL, 0, 0, 0, 0, 0, 0, NULL, 0, 'udp', 'no', 'no', 0, 0, 'no', 5060, 0, 0, 6400, 0, 0, 0, '', 'lcr', 0, 0, 0, '.*', '', 0, 0, '', 0, 0, '', '', NULL, 0, 0, 0, 0, 0, 0, NULL, 0, 0, '', 0, '', '', 0, 1, 1, 0, 1, 0, 0, 0, 0, 0, 0, 0, 0, 0, 'mor_server_6', NULL, 'friend', NULL, NULL, NULL, NULL, NULL, NULL, NULL, NULL, NULL, NULL, NULL, NULL, NULL, NULL, NULL, NULL, NULL, NULL, NULL, NULL, NULL, NULL, NULL, NULL, NULL, NULL, NULL, NULL, NULL, NULL, NULL, NULL, NULL, NULL, NULL, NULL, NULL, NULL, NULL, NULL, NULL, NULL, NULL, NULL, NULL, NULL, NULL, NULL, NULL);

DELETE FROM `servers`;
INSERT INTO `servers` (`id`, `server_ip`, `stats_url`, `server_type`, `active`, `comment`, `hostname`, `maxcalllimit`, `ami_port`, `ami_secret`, `ami_username`, `port`, `ssh_username`, `ssh_secret`, `ssh_port`, `gateway_active`, `version`, `uptime`, `gui`, `db`, `core`, `load_ok`, `hdd_free_space`) VALUES
(1, '127.0.0.1', '', 'freeswitch', 1, 'Main System ID:1 Freeswitch', '127.0.0.1', 500, '5038', 'morsecret', 'mor', 5060, 'root', NULL, 22, 0, '1.8.21.0', '1 hour, 21 minutes, 42 seconds \nLast reload: 1 hour, 21 minutes, 42 seconds', 1, 1, 1, 1, NULL),
(2, '127.0.0.2', NULL, 'other', 1, 'Test Server ID:2 Other', '127.0.0.2', 1000, '5038', 'morsecret', 'mor', 5060, 'root', NULL, 22, 0, '', '', 0, 0, 0, 1, NULL),
(3, '127.0.0.3', NULL, 'freeswitch', 1, 'Test Server ID:3 Freeswitch', '127.0.0.3', 1000, '5038', 'morsecret', 'mor', 5060, 'root', NULL, 22, 0, '', '', 0, 0, 0, 1, NULL),
(4, '127.0.0.4', NULL, 'other', 1, 'Test Server ID:4 Other', '127.0.0.4', 1000, '5038', 'morsecret', 'mor', 5060, 'root', NULL, 22, 0, '', '', 0, 0, 0, 1, NULL),
(5, '127.0.0.5', NULL, 'freeswitch', 1, 'Test Server ID:5 Freeswitch', '127.0.0.5', 1000, '5038', 'morsecret', 'mor', 5060, 'root', NULL, 22, 0, '', '', 0, 0, 0, 1, NULL),
(6, '127.0.0.6', NULL, 'other', 1, 'Test Server ID:6 Other', '127.0.0.6', 1000, '5038', 'morsecret', 'mor', 5060, 'root', NULL, 22, 0, '', '', 0, 0, 0, 1, NULL);

DELETE FROM `server_devices`;
INSERT INTO `server_devices` (`id`, `device_id`, `server_id`) VALUES
(1, 2, 1),
(2, 3, 1),
(3, 4, 1),
(4, 5, 1),
(5, 6, 1),
(6, 7, 1),
(8, 8, 1),
(9, 9, 1),
(10, 10, 1),
(11, 11, 1);
